{
  "letters_train": {
    "accuracy": 0.9872941176470589,
    "macro_precision": 0.9865274736646836,
    "macro_recall": 0.9868165740344194,
    "macro_f1": 0.9865889766283229,
    "classification_report": {
      "A": {
        "precision": 0.9743589743589743,
        "recall": 0.987012987012987,
        "f1-score": 0.9806451612903225,
        "support": 77.0
      },
      "B": {
        "precision": 1.0,
        "recall": 0.9887640449438202,
        "f1-score": 0.9943502824858758,
        "support": 89.0
      },
      "C": {
        "precision": 1.0,
        "recall": 1.0,
        "f1-score": 1.0,
        "support": 73.0
      },
      "D": {
        "precision": 1.0,
        "recall": 1.0,
        "f1-score": 1.0,
        "support": 88.0
      },
      "E": {
        "precision": 1.0,
        "recall": 0.9880952380952381,
        "f1-score": 0.9940119760479041,
        "support": 84.0
      },
      "F": {
        "precision": 1.0,
        "recall": 1.0,
        "f1-score": 1.0,
        "support": 90.0
      },
      "G": {
        "precision": 0.9886363636363636,
        "recall": 0.9775280898876404,
        "f1-score": 0.9830508474576272,
        "support": 89.0
      },
      "H": {
        "precision": 1.0,
        "recall": 1.0,
        "f1-score": 1.0,
        "support": 89.0
      },
      "I": {
        "precision": 1.0,
        "recall": 1.0,
        "f1-score": 1.0,
        "support": 89.0
      },
      "J": {
        "precision": 0.978021978021978,
        "recall": 1.0,
        "f1-score": 0.9888888888888889,
        "support": 89.0
      },
      "K": {
        "precision": 1.0,
        "recall": 1.0,
        "f1-score": 1.0,
        "support": 89.0
      },
      "L": {
        "precision": 1.0,
        "recall": 1.0,
        "f1-score": 1.0,
        "support": 86.0
      },
      "M": {
        "precision": 1.0,
        "recall": 0.9838709677419355,
        "f1-score": 0.991869918699187,
        "support": 62.0
      },
      "N": {
        "precision": 0.9577464788732394,
        "recall": 1.0,
        "f1-score": 0.9784172661870504,
        "support": 68.0
      },
      "O": {
        "precision": 0.96875,
        "recall": 0.9841269841269841,
        "f1-score": 0.9763779527559056,
        "support": 63.0
      },
      "P": {
        "precision": 0.9878048780487805,
        "recall": 0.9878048780487805,
        "f1-score": 0.9878048780487805,
        "support": 82.0
      },
      "Q": {
        "precision": 0.9384615384615385,
        "recall": 0.9838709677419355,
        "f1-score": 0.9606299212598425,
        "support": 62.0
      },
      "R": {
        "precision": 0.9885057471264368,
        "recall": 0.9772727272727273,
        "f1-score": 0.9828571428571429,
        "support": 88.0
      },
      "S": {
        "precision": 0.9838709677419355,
        "recall": 0.953125,
        "f1-score": 0.9682539682539683,
        "support": 64.0
      },
      "T": {
        "precision": 1.0,
        "recall": 0.9887640449438202,
        "f1-score": 0.9943502824858758,
        "support": 89.0
      },
      "U": {
        "precision": 0.9565217391304348,
        "recall": 0.9777777777777777,
        "f1-score": 0.967032967032967,
        "support": 90.0
      },
      "V": {
        "precision": 0.9753086419753086,
        "recall": 0.9518072289156626,
        "f1-score": 0.9634146341463414,
        "support": 83.0
      },
      "W": {
        "precision": 0.9887640449438202,
        "recall": 1.0,
        "f1-score": 0.9943502824858758,
        "support": 88.0
      },
      "X": {
        "precision": 1.0,
        "recall": 0.9761904761904762,
        "f1-score": 0.9879518072289156,
        "support": 84.0
      },
      "Y": {
        "precision": 1.0,
        "recall": 1.0,
        "f1-score": 1.0,
        "support": 88.0
      },
      "Z": {
        "precision": 0.9629629629629629,
        "recall": 0.9512195121951219,
        "f1-score": 0.9570552147239264,
        "support": 82.0
      },
      "accuracy": 0.9872941176470589,
      "macro avg": {
        "precision": 0.9865274736646836,
        "recall": 0.9868165740344194,
        "f1-score": 0.9865889766283229,
        "support": 2125.0
      },
      "weighted avg": {
        "precision": 0.9874677081353169,
        "recall": 0.9872941176470589,
        "f1-score": 0.9873073947796,
        "support": 2125.0
      }
    },
    "num_samples_total": 11700,
    "num_samples_used": 10623,
    "num_samples_skipped": 1077,
    "best_params": {
      "n_estimators": 400,
      "min_samples_split": 5,
      "min_samples_leaf": 1,
      "max_features": "sqrt",
      "max_depth": null,
      "class_weight": "balanced"
    },
    "split": "holdout"
  },
  "words_train": {
    "accuracy": 0.90625,
    "macro_precision": 0.8992063492063492,
    "macro_recall": 0.8977777777777778,
    "macro_f1": 0.8957264957264958,
    "classification_report": {
      "GOOD EVENING": {
        "precision": 0.8888888888888888,
        "recall": 0.8888888888888888,
        "f1-score": 0.8888888888888888,
        "support": 9.0
      },
      "GOOD MORNING": {
        "precision": 1.0,
        "recall": 1.0,
        "f1-score": 1.0,
        "support": 6.0
      },
      "HELLO": {
        "precision": 0.75,
        "recall": 0.6,
        "f1-score": 0.6666666666666666,
        "support": 5.0
      },
      "THANK YOU": {
        "precision": 1.0,
        "recall": 1.0,
        "f1-score": 1.0,
        "support": 6.0
      },
      "YOURE WELCOME": {
        "precision": 0.8571428571428571,
        "recall": 1.0,
        "f1-score": 0.9230769230769231,
        "support": 6.0
      },
      "accuracy": 0.90625,
      "macro avg": {
        "precision": 0.8992063492063492,
        "recall": 0.8977777777777778,
        "f1-score": 0.8957264957264958,
        "support": 32.0
      },
      "weighted avg": {
        "precision": 0.9029017857142857,
        "recall": 0.90625,
        "f1-score": 0.9022435897435896,
        "support": 32.0
      }
    },
    "num_samples_total": 160,
    "num_samples_used": 159,
    "num_samples_skipped": 1,
    "best_params": {
      "n_estimators": 400,
      "min_samples_split": 5,
      "min_samples_leaf": 1,
      "max_features": "log2",
      "max_depth": 20,
      "class_weight": "balanced"
    },
    "split": "holdout"
  },
  "letters_eval_test": {
    "accuracy": 0.9981211836542978,
    "macro_precision": 0.9978146853146854,
    "macro_recall": 0.9982024111511643,
    "macro_f1": 0.9979924381755153,
    "classification_report": {
      "A": {
        "precision": 1.0,
        "recall": 1.0,
        "f1-score": 1.0,
        "support": 71.0
      },
      "B": {
        "precision": 1.0,
        "recall": 1.0,
        "f1-score": 1.0,
        "support": 89.0
      },
      "C": {
        "precision": 1.0,
        "recall": 1.0,
        "f1-score": 1.0,
        "support": 75.0
      },
      "D": {
        "precision": 1.0,
        "recall": 1.0,
        "f1-score": 1.0,
        "support": 89.0
      },
      "E": {
        "precision": 1.0,
        "recall": 1.0,
        "f1-score": 1.0,
        "support": 83.0
      },
      "F": {
        "precision": 1.0,
        "recall": 1.0,
        "f1-score": 1.0,
        "support": 90.0
      },
      "G": {
        "precision": 1.0,
        "recall": 1.0,
        "f1-score": 1.0,
        "support": 89.0
      },
      "H": {
        "precision": 1.0,
        "recall": 1.0,
        "f1-score": 1.0,
        "support": 89.0
      },
      "I": {
        "precision": 1.0,
        "recall": 1.0,
        "f1-score": 1.0,
        "support": 90.0
      },
      "J": {
        "precision": 1.0,
        "recall": 1.0,
        "f1-score": 1.0,
        "support": 87.0
      },
      "K": {
        "precision": 1.0,
        "recall": 1.0,
        "f1-score": 1.0,
        "support": 89.0
      },
      "L": {
        "precision": 1.0,
        "recall": 1.0,
        "f1-score": 1.0,
        "support": 87.0
      },